{"schemaVersion":"1.0","appDefinitionTemplate":{"id":"/providers/Microsoft.PowerApps/apps/","type":"Microsoft.PowerApps/apps","tags":{"primaryDeviceWidth":"640","primaryDeviceHeight":"1136","supportsPortrait":"true","supportsLandscape":"true","primaryFormFactor":"Phone","publisherVersion":"3.23033.15","minimumRequiredApiVersion":"2.2.0","hasComponent":"false","hasUnlockedComponent":"false","isUnifiedRootApp":"false","sienaVersion":"20230403T193728Z-3.23033.15.0"},"properties":{"appVersion":"2023-04-03T19:37:28Z","lifeCycleId":"Published","createdByClientVersion":{"major":3,"minor":23033,"build":15,"revision":0,"majorRevision":0,"minorRevision":0},"minClientVersion":{"major":3,"minor":23033,"build":15,"revision":0,"majorRevision":0,"minorRevision":0},"backgroundColor":"rgba(39, 67, 125, 1)","backgroundImageUri":"/18139438697465264972/Ne1e8b073-9a1a-4058-98ab-2980611ed8aa-logoSmallFile","displayName":"Warehouse Scanner Demo","description":"","commitMessage":"","appUris":{"documentUri":{"value":"/18139438697465264972/N24b4f384-a5ff-4647-bad4-a95a88914386-document.msapp"},"imageUris":[],"additionalUris":[]},"createdTime":"0001-01-01T00:00:00Z","lastModifiedTime":"0001-01-01T00:00:00Z","sharedGroupsCount":0,"sharedUsersCount":0,"connectionReferences":{"1a79560e-0118-4d8e-b5ce-454438b863e6":{"id":"feaaa2cd-0eb8-446b-bcae-9e7d5c13a3bd","displayName":"SQL Server","iconUri":"https://connectoricons-prod.azureedge.net/u/laborbol/releases/ase-v3/1.0.1622.3202/sql/icon.png","dataSources":["DimOrder","DimSupplier","DimProduct","FactInventory"],"dependencies":[],"dependents":[],"parameterHints":{},"parameterHintsV2":{},"isOnPremiseConnection":false,"sharedConnectionId":"136b7cab-0ebf-45e1-bb9a-d4e2682ee34d","bypassConsent":false,"dataSets":{"wmssvr.database.windows.net,wmsdb":{"dataSources":{"DimOrder":{"tableName":"[dbo].[DimOrder]"},"DimSupplier":{"tableName":"[dbo].[DimSupplier]"},"DimProduct":{"tableName":"[dbo].[DimProduct]"},"FactInventory":{"tableName":"[dbo].[FactInventory]"}}}},"apiTier":"Premium","isCustomApiConnection":false,"authenticationType":"sqlAuthentication","actions":["providers/PowerPlatform.Governance/Operations/Read","providers/PowerPlatform.Governance/Operations/Write"],"endpoints":["wmssvr.database.windows.net,wmsdb"]}},"databaseReferences":{},"almMode":"Environment","performanceOptimizationEnabled":true,"canConsumeAppPass":true,"enableModernRuntimeMode":false,"executionRestrictions":{"isTeamsOnly":false,"dataLossPreventionEvaluationResult":{"status":"Compliant","lastEvaluationDate":"2022-11-16T19:14:16.4627268Z","violations":[],"violationsByPolicy":[],"violationErrorMessage":"The app uses the following connectors: shared_sql."}}},"appType":"ClassicCanvasApp","appComponents":[]}}