{"schemaVersion":"1.0","appDefinitionTemplate":{"id":"/providers/Microsoft.PowerApps/apps/","type":"Microsoft.PowerApps/apps","tags":{"primaryDeviceWidth":"640","primaryDeviceHeight":"1136","supportsPortrait":"true","supportsLandscape":"true","primaryFormFactor":"Phone","publisherVersion":"3.23012.17","minimumRequiredApiVersion":"2.2.0","hasComponent":"false","hasUnlockedComponent":"false","isUnifiedRootApp":"false","sienaVersion":"20230127T213252Z-3.23012.17.0"},"properties":{"appVersion":"2023-01-27T21:32:52Z","lifeCycleId":"Published","createdByClientVersion":{"major":3,"minor":23012,"build":17,"revision":0,"majorRevision":0,"minorRevision":0},"minClientVersion":{"major":3,"minor":23012,"build":17,"revision":0,"majorRevision":0,"minorRevision":0},"backgroundColor":"rgba(39, 67, 125, 1)","backgroundImageUri":"/18139438697465264972/N7a51716d-2458-4dc2-a871-3997623f67ea-logoSmallFile","displayName":"Warehouse Scanner Demo","description":"","commitMessage":"","appUris":{"documentUri":{"value":"/18139438697465264972/N413fa8e1-0a29-4050-b13d-db0c94079aac-document.msapp"},"imageUris":[],"additionalUris":[]},"createdTime":"0001-01-01T00:00:00Z","lastModifiedTime":"0001-01-01T00:00:00Z","sharedGroupsCount":0,"sharedUsersCount":0,"icons":{"smallIconUri":"/18139438697465264972/N612bca39-d71e-4249-98cc-d7ed5e114c04-small.png","mediumIconUri":"/18139438697465264972/Nd552a8b5-b115-4d51-b550-f6210b6cd09d-medium.png","largeIconUri":"/18139438697465264972/N1f954aba-e4ed-4fda-9f8e-96d3473f5b29-large.png","wideIconUri":"/18139438697465264972/N6ae963f8-de9c-4d8d-b47f-cae1a268b08b-wide.png"},"connectionReferences":{"1a79560e-0118-4d8e-b5ce-454438b863e6":{"id":"feaaa2cd-0eb8-446b-bcae-9e7d5c13a3bd","displayName":"SQL Server","iconUri":"https://connectoricons-prod.azureedge.net/u/shgogna/sql-move-sqlservertypes-ref/1.0.1614.3130/sql/icon.png","dataSources":["DimOrder","DimSupplier","DimProduct","FactInventory"],"dependencies":[],"dependents":[],"parameterHints":{},"parameterHintsV2":{},"isOnPremiseConnection":false,"sharedConnectionId":"136b7cab-0ebf-45e1-bb9a-d4e2682ee34d","bypassConsent":false,"dataSets":{"wmssvr.database.windows.net,wmsdb":{"dataSources":{"DimOrder":{"tableName":"[dbo].[DimOrder]"},"DimSupplier":{"tableName":"[dbo].[DimSupplier]"},"DimProduct":{"tableName":"[dbo].[DimProduct]"},"FactInventory":{"tableName":"[dbo].[FactInventory]"}}}},"apiTier":"Premium","isCustomApiConnection":false,"authenticationType":"sqlAuthentication","actions":["providers/PowerPlatform.Governance/Operations/Read","providers/PowerPlatform.Governance/Operations/Write"],"endpoints":["wmssvr.database.windows.net,wmsdb"]}},"databaseReferences":{},"almMode":"Environment","performanceOptimizationEnabled":true,"canConsumeAppPass":true,"enableModernRuntimeMode":false,"executionRestrictions":{"isTeamsOnly":false,"dataLossPreventionEvaluationResult":{"status":"Compliant","lastEvaluationDate":"2022-11-16T19:14:16.4627268Z","violations":[],"violationsByPolicy":[],"violationErrorMessage":"The app uses the following connectors: shared_sql."}}},"appType":"ClassicCanvasApp","appComponents":[]}}