{"schemaVersion":"1.0","appDefinitionTemplate":{"id":"/providers/Microsoft.PowerApps/apps/","type":"Microsoft.PowerApps/apps","tags":{"primaryDeviceWidth":"640","primaryDeviceHeight":"1136","supportsPortrait":"true","supportsLandscape":"true","primaryFormFactor":"Phone","publisherVersion":"3.23012.17","minimumRequiredApiVersion":"2.2.0","hasComponent":"false","hasUnlockedComponent":"false","isUnifiedRootApp":"false","sienaVersion":"20230124T050525Z-3.23012.17.0"},"properties":{"appVersion":"2023-01-24T05:05:25Z","lifeCycleId":"Published","createdByClientVersion":{"major":3,"minor":23012,"build":17,"revision":0,"majorRevision":0,"minorRevision":0},"minClientVersion":{"major":3,"minor":23012,"build":17,"revision":0,"majorRevision":0,"minorRevision":0},"backgroundColor":"rgba(39, 67, 125, 1)","backgroundImageUri":"/18139438697465264972/N61547b4a-a328-41fc-98e3-a097379262fb-logoSmallFile","displayName":"Warehouse Scanner Demo","description":"","commitMessage":"","appUris":{"documentUri":{"value":"/18139438697465264972/Na5c278f7-7cf3-48d0-b12e-4cea2978ae76-document.msapp"},"imageUris":[],"additionalUris":[]},"createdTime":"0001-01-01T00:00:00Z","lastModifiedTime":"0001-01-01T00:00:00Z","sharedGroupsCount":0,"sharedUsersCount":0,"icons":{"smallIconUri":"/18139438697465264972/N41ef5f42-0a4b-4bf1-bd6a-2c37ab762a84-small.png","mediumIconUri":"/18139438697465264972/Neb194403-b1d0-4afe-be22-b53d55de60e8-medium.png","largeIconUri":"/18139438697465264972/N9b504c36-7132-431f-9049-2a81f55bc595-large.png","wideIconUri":"/18139438697465264972/Nd0f41ecf-c4bd-45f5-bcce-9eebb4ad6f1f-wide.png"},"connectionReferences":{"1a79560e-0118-4d8e-b5ce-454438b863e6":{"id":"feaaa2cd-0eb8-446b-bcae-9e7d5c13a3bd","displayName":"SQL Server","iconUri":"https://connectoricons-prod.azureedge.net/u/shgogna/sql-move-sqlservertypes-ref/1.0.1614.3130/sql/icon.png","dataSources":["DimOrder","DimSupplier","DimProduct","FactInventory"],"dependencies":[],"dependents":[],"parameterHints":{},"parameterHintsV2":{},"isOnPremiseConnection":false,"sharedConnectionId":"136b7cab-0ebf-45e1-bb9a-d4e2682ee34d","bypassConsent":false,"dataSets":{"wmssvr.database.windows.net,wmsdb":{"dataSources":{"DimOrder":{"tableName":"[dbo].[DimOrder]"},"DimSupplier":{"tableName":"[dbo].[DimSupplier]"},"DimProduct":{"tableName":"[dbo].[DimProduct]"},"FactInventory":{"tableName":"[dbo].[FactInventory]"}}}},"apiTier":"Premium","isCustomApiConnection":false,"authenticationType":"sqlAuthentication","actions":["providers/PowerPlatform.Governance/Operations/Read","providers/PowerPlatform.Governance/Operations/Write"],"endpoints":["wmssvr.database.windows.net,wmsdb"]}},"databaseReferences":{},"almMode":"Environment","performanceOptimizationEnabled":true,"canConsumeAppPass":true,"enableModernRuntimeMode":false,"executionRestrictions":{"isTeamsOnly":false,"dataLossPreventionEvaluationResult":{"status":"Compliant","lastEvaluationDate":"2022-11-16T19:14:16.4627268Z","violations":[],"violationsByPolicy":[],"violationErrorMessage":"The app uses the following connectors: shared_sql."}}},"appType":"ClassicCanvasApp","appComponents":[]}}