{"schemaVersion":"1.0","appDefinitionTemplate":{"id":"/providers/Microsoft.PowerApps/apps/","type":"Microsoft.PowerApps/apps","tags":{"primaryDeviceWidth":"640","primaryDeviceHeight":"1136","supportsPortrait":"true","supportsLandscape":"true","primaryFormFactor":"Phone","publisherVersion":"3.23013.11","minimumRequiredApiVersion":"2.2.0","hasComponent":"false","hasUnlockedComponent":"false","isUnifiedRootApp":"false","sienaVersion":"20230122T142429Z-3.23013.11.0"},"properties":{"appVersion":"2023-01-22T14:24:29Z","lifeCycleId":"Published","createdByClientVersion":{"major":3,"minor":23013,"build":11,"revision":0,"majorRevision":0,"minorRevision":0},"minClientVersion":{"major":3,"minor":23013,"build":11,"revision":0,"majorRevision":0,"minorRevision":0},"backgroundColor":"RGBA(0,176,240,1)","backgroundImageUri":"/17757975612443433085/Nbb79199e-d871-4ad2-8d54-07be5cb654ea-logoSmallFile","displayName":"Barcode-Scanner-Demo","description":"","commitMessage":"","appUris":{"documentUri":{"value":"/17757975612443433085/Nea5d63a1-7f63-4342-bf8a-3216d24601e6-document.msapp"},"imageUris":[],"additionalUris":[]},"createdTime":"0001-01-01T00:00:00Z","lastModifiedTime":"0001-01-01T00:00:00Z","sharedGroupsCount":0,"sharedUsersCount":0,"icons":{"smallIconUri":"/17757975612443433085/N3cd36787-fcf5-4aa6-b1fa-31e59cb3a429-small.png","mediumIconUri":"/17757975612443433085/Nb53664c3-2577-4163-b028-e56c8f77c76e-medium.png","largeIconUri":"/17757975612443433085/N35c810be-acb8-4cbb-98c3-532e4eb51487-large.png","wideIconUri":"/17757975612443433085/N0fb7885a-ec8a-4039-b155-7a21e2492046-wide.png"},"connectionReferences":{},"authorizationReferences":[{"resourceId":"https://lizgarciasenvironment.crm.dynamics.com/"}],"databaseReferences":{"a703b49a-38dc-ea49-b066-a98830385a16":{"databaseDetails":{"referenceType":"External","environmentName":"a703b49a-38dc-ea49-b066-a98830385a16","overrideValues":{"status":"NotSpecified"}},"dataSources":{"Inventories":{"entitySetName":"crd7d_inventories","logicalName":"crd7d_inventory"},"Inventory2S":{"entitySetName":"crd7d_inventory2s","logicalName":"crd7d_inventory2"}}}},"almMode":"Environment","performanceOptimizationEnabled":true,"canConsumeAppPass":true,"enableModernRuntimeMode":false,"executionRestrictions":{"isTeamsOnly":false,"dataLossPreventionEvaluationResult":{"status":"Compliant","lastEvaluationDate":"2023-01-22T12:20:26.5135179Z","violations":[],"violationsByPolicy":[],"violationErrorMessage":"The app uses the following connectors: ."}}},"appType":"ClassicCanvasApp","appComponents":[]}}